City_ID,City,Lat,Lng,Max Temp,Humidity,Cloudiness,Wind Speed,Country,Date
0,grytviken,-54.2811,-36.5092,5.78,75,35,3.04,GS,1741629241
1,punta arenas,-53.15,-70.9167,8.06,53,75,12.35,CL,1741629077
2,santa eularia des riu,38.9846,1.5341,15.01,77,20,2.06,ES,1741629243
3,atafu village,-8.5421,-172.5159,27.57,78,28,6.07,TK,1741629244
4,albany,42.6001,-73.9662,14.2,34,31,0.89,US,1741629157
5,bethel,41.3712,-73.414,16.7,28,0,4.63,US,1741629246
6,invercargill,-46.4,168.35,13.9,84,100,3.13,NZ,1741628864
7,ilulissat,69.2167,-51.1,8.01,57,75,6.17,GL,1741629248
8,georgetown,5.4112,100.3354,27.96,75,20,2.24,MY,1741629094
9,susuman,62.7833,148.1667,-29.06,99,99,0.58,RU,1741629251
10,kailua-kona,19.6406,-155.9956,21.98,80,20,4.12,US,1741629252
11,preobrazheniye,42.9019,133.9064,2.38,97,89,2.35,RU,1741629253
12,fortuna,40.5982,-124.1573,11.31,83,100,0.57,US,1741629254
13,hobyo,5.3505,48.5268,26.86,80,96,6.52,SO,1741629255
14,wanning,18.8003,110.3967,21.49,96,76,0.95,CN,1741629256
15,eastham,41.8301,-69.9739,10.53,70,25,4.5,US,1741629241
16,hermanus,-34.4187,19.2345,18.22,68,26,3.5,ZA,1741629055
17,qaqortoq,60.7167,-46.0333,2.64,87,100,3.85,GL,1741629260
18,utrik,11.2278,169.8474,26.63,76,83,8.88,MH,1741629261
19,nagqu,31.5,92.0,-1.0,46,100,2.32,CN,1741629263
20,port-aux-francais,-49.35,70.2167,7.7,93,84,17.28,TF,1741629210
21,geraldton,-28.7667,114.6,19.23,82,0,2.06,AU,1741629266
22,carlsbad,33.1581,-117.3506,22.46,40,0,2.24,US,1741629135
23,waitangi,-43.9535,-176.5597,13.65,80,9,4.9,NZ,1741629218
24,bakanas,44.8081,76.2772,2.4,69,34,2.87,KZ,1741629271
25,bathsheba,13.2167,-59.5167,28.34,69,40,6.17,BB,1741629273
26,ulsteinvik,62.3432,5.8487,4.06,74,17,0.89,NO,1741629274
27,whitehorse,60.7161,-135.0538,-4.57,85,100,5.14,CA,1741629275
28,kudahuvadhoo,2.6708,72.8944,28.34,73,69,6.12,MV,1741629276
29,konarka,19.9,86.1167,24.23,74,0,3.55,IN,1741629277
30,yellowknife,62.456,-114.3525,-28.58,69,20,0.0,CA,1741629279
31,ventspils,57.3894,21.5606,8.96,71,97,1.54,LV,1741629280
32,margaret river,-33.95,115.0667,13.3,88,0,3.88,AU,1741629281
33,bardai,11.65,7.2333,31.95,12,100,4.31,NG,1741629282
34,puerto natales,-51.7236,-72.4875,9.25,49,75,10.29,CL,1741629262
35,krasnokamensk,50.0979,118.0369,-11.11,91,99,0.58,RU,1741629284
36,mandera,3.9366,41.867,36.17,25,88,4.82,KE,1741629285
37,port lincoln,-34.7333,135.8667,18.13,93,44,2.92,AU,1741629286
38,adamstown,-25.066,-130.1015,23.91,62,45,7.42,PN,1741629288
39,blackmans bay,-43.0167,147.3167,13.18,63,78,2.54,AU,1741629223
40,hasaki,35.7333,140.8333,9.98,54,100,3.66,JP,1741629290
41,tura,25.5198,90.2201,20.54,32,0,1.86,IN,1741629291
42,tolanaro,-25.0319,46.9987,25.04,94,75,6.17,MG,1741629292
43,fale old settlement,-9.3852,-171.2468,27.75,78,23,5.27,TK,1741629293
44,sitka,57.0531,-135.33,3.94,81,100,3.09,US,1741629294
45,west island,-12.1568,96.8225,28.99,84,20,6.69,CC,1741629295
46,salekhard,66.53,66.6019,-29.28,99,92,2.23,RU,1741629296
47,taltal,-25.4,-70.4833,21.69,69,4,2.86,CL,1741629021
48,lompoc,34.6391,-120.4579,15.29,61,40,3.58,US,1741629299
49,nkhata bay,-11.6066,34.2907,24.79,79,96,1.63,MW,1741629300
50,suntar,62.1444,117.6319,-37.15,100,85,0.36,RU,1741629301
51,tsaratanana,-16.7833,47.65,23.87,88,99,2.77,MG,1741629303
52,poli,-3.3333,36.8,17.59,90,100,0.91,TZ,1741629304
53,anadyr,64.75,177.4833,-14.72,72,40,4.0,RU,1741629306
54,mariental,-24.6333,17.9667,30.43,31,39,3.42,NA,1741629307
55,luganville,-15.5333,167.1667,25.8,85,100,4.32,VU,1741629309
56,thompson,55.7435,-97.8558,-20.91,54,20,6.69,CA,1741629310
57,yelizovo,53.1873,158.3805,-9.92,73,75,1.0,RU,1741629311
58,benghazi,32.1167,20.0667,20.07,54,1,4.28,LY,1741629312
59,ushuaia,-54.8,-68.3,5.81,65,75,10.29,AR,1741629055
60,badger,64.8,-147.5333,-10.07,70,40,3.09,US,1741629315
61,sao gabriel da cachoeira,-0.1303,-67.0892,26.89,83,75,2.06,BR,1741629316
62,dudinka,69.4058,86.1778,-35.24,99,59,0.98,RU,1741629317
63,la gi,10.6667,107.7833,25.52,85,97,5.43,VN,1741629318
64,la union,-5.4,-80.75,32.44,41,85,4.06,PE,1741629319
65,ribeira grande,38.5167,-28.7,17.22,94,75,5.81,PT,1741629320
66,'ain el bell,34.3438,3.2247,13.87,49,57,7.28,DZ,1741629321
67,pocahontas,36.2615,-90.9712,16.93,33,0,3.09,US,1741629322
68,alotau,-10.3069,150.4462,25.05,93,35,1.45,PG,1741629324
69,dzhalil',55.0239,52.7358,-8.18,96,68,2.3,RU,1741629325
70,edinburgh of the seven seas,-37.0676,-12.3116,19.43,88,23,7.49,SH,1741629326
71,singkil,-7.9855,111.4161,23.72,98,100,1.03,ID,1741629327
72,port elizabeth,-33.918,25.5701,19.16,88,20,4.63,ZA,1741629328
73,gubakha,58.8386,57.5532,-12.13,95,95,2.0,RU,1741629329
74,gisborne,-38.6533,178.0042,13.19,88,22,2.75,NZ,1741629330
75,guerrero negro,27.9769,-114.0611,19.49,43,27,2.93,MX,1741629292
76,chonchi,-42.6128,-73.8092,14.7,42,98,3.22,CL,1741629198
77,port mathurin,-19.6833,63.4167,27.43,76,8,5.94,MU,1741629335
78,phetchabun,16.25,101.0833,29.32,45,33,1.37,TH,1741629336
79,tiksi,71.6872,128.8694,-29.21,97,53,2.98,RU,1741629337
80,jinghong,21.991,100.7341,18.78,39,0,1.44,CN,1741629338
81,isafjordur,66.0755,-23.124,6.02,70,75,8.75,IS,1741629193
82,paso de los libres,-29.7131,-57.0899,27.02,44,0,1.03,AR,1741629340
83,jayapura,-2.5333,140.7,22.66,92,100,1.4,ID,1741629341
84,stanley,54.868,-1.6985,5.01,75,75,6.69,GB,1741629343
85,labrador city,52.9463,-66.9114,-15.05,61,100,1.54,CA,1741629344
86,broome,42.2506,-75.833,14.25,39,0,2.24,US,1741629345
87,launceston,-41.45,147.1667,13.8,71,100,8.75,AU,1741629346
88,kodiak,57.79,-152.4072,0.73,80,75,6.69,US,1741629095
89,porto novo,6.4965,2.6036,30.9,76,88,4.66,BJ,1741629348
90,wailua homesteads,22.0669,-159.378,21.44,92,100,8.75,US,1741629195
91,longyearbyen,78.2186,15.6401,-16.09,85,20,5.66,SJ,1741629351
92,alaghsas,17.0187,8.0168,37.94,10,0,2.06,NE,1741629352
93,redwood falls,44.5394,-95.1169,17.08,41,0,5.14,US,1741629354
94,bredasdorp,-34.5322,20.0403,18.46,58,37,2.89,ZA,1741629355
95,papatowai,-46.5619,169.4708,12.32,74,99,3.09,NZ,1741629356
96,charters towers,-20.1,146.2667,23.03,95,37,4.07,AU,1741629358
97,tumpat,6.1978,102.171,26.99,88,40,4.63,MY,1741629359
98,byron bay,-28.65,153.6167,22.35,83,99,2.68,AU,1741629360
99,port alfred,-33.5906,26.891,18.99,92,5,0.45,ZA,1741629362
100,sinjai,-5.1241,120.253,23.45,91,100,1.79,ID,1741629363
101,taoudenni,22.6783,-3.9836,30.82,14,20,3.36,ML,1741629364
102,puerto ayora,-0.7393,-90.3518,27.53,93,43,1.79,EC,1741629365
103,sauri,11.7266,6.7837,33.74,11,100,4.2,NG,1741629366
104,leninskoye,41.7589,69.3864,6.45,71,0,1.45,KZ,1741629368
105,nuuk,64.1835,-51.7216,5.34,48,75,19.03,GL,1741629369
106,broken hill,-31.95,141.4333,24.48,58,21,4.16,AU,1741629370
107,san luis,-33.295,-66.3356,26.12,40,2,9.07,AR,1741629194
108,tommot,58.9564,126.2925,-38.69,100,96,0.64,RU,1741629372
109,carnarvon,-24.8667,113.6333,23.66,78,0,5.7,AU,1741629157
110,bilibino,68.0546,166.4372,-31.51,95,63,1.48,RU,1741629374
111,marquette,46.5333,-87.6335,10.69,89,99,5.28,US,1741629375
112,gilgit,35.9221,74.3087,4.95,77,100,1.4,PK,1741629376
113,alice springs,-23.7,133.8833,29.75,26,51,4.63,AU,1741629226
114,gadzhiyevo,69.2551,33.3362,-6.78,94,100,4.14,RU,1741629379
115,changji,44.0167,87.3167,0.44,51,0,2.0,CN,1741629380
116,puerto baquerizo moreno,-0.9,-89.6,28.55,74,40,3.6,EC,1741629381
117,jijiga,9.35,42.8,21.19,67,80,3.94,ET,1741629382
118,ancud,-41.8697,-73.8203,14.81,49,59,3.54,CL,1741629140
119,udachny,66.4167,112.4,-34.56,99,50,1.92,RU,1741629384
120,haiku-pauwela,20.9219,-156.3051,22.36,76,40,13.86,US,1741629386
121,college,64.8569,-147.8028,-10.03,68,20,3.09,US,1741629215
122,whangarei,-35.7317,174.3239,14.09,92,40,1.16,NZ,1741629388
123,smithers,54.7804,-127.1743,0.18,64,100,3.09,CA,1741629389
124,polyarnyy,69.1989,33.4478,-6.39,94,100,3.99,RU,1741629390
125,road town,18.4167,-64.6167,28.02,69,40,3.6,VG,1741629391
126,huarmey,-10.0681,-78.1522,25.51,72,98,5.04,PE,1741629392
127,sao geraldo do araguaia,-6.4006,-48.555,28.22,78,93,0.88,BR,1741629393
128,ceres,37.5949,-120.9577,14.43,63,100,2.62,US,1741629395
129,tual,-5.6667,132.75,28.49,72,96,4.54,ID,1741629396
130,patrocinio,-18.9439,-46.9925,27.79,46,46,2.07,BR,1741629137
131,avarua,-21.2078,-159.775,26.03,94,40,3.09,CK,1741629398
132,san antonio de pale,-1.4014,5.6325,28.55,82,87,3.55,GQ,1741629400
133,lethem,3.3803,-59.7968,33.51,42,88,4.36,GY,1741629401
134,bodaybo,57.8506,114.1933,-23.49,99,88,1.32,RU,1741629402
135,praia da vitoria,38.7333,-27.0667,16.14,94,75,2.7,PT,1741629403
136,veshkayma,54.05,47.1333,-2.08,93,95,1.62,RU,1741629405
137,narvik,68.4384,17.4272,-2.89,91,82,2.93,NO,1741629406
138,zaozersk,69.4005,32.4476,-8.53,94,100,3.9,RU,1741629407
139,vila franca do campo,37.7167,-25.4333,18.27,99,99,4.1,PT,1741629408
140,san luis de la loma,17.2706,-100.8939,28.82,61,12,3.84,MX,1741629410
141,montego bay,18.4712,-77.9188,28.89,70,20,5.14,JM,1741629137
142,tibiri,13.5627,7.0485,34.63,12,83,4.66,NE,1741629412
143,jamestown,42.097,-79.2353,13.56,53,0,4.12,US,1741629352
144,flying fish cove,-10.4217,105.6791,26.82,94,100,3.6,CX,1741629415
145,guatire,10.4762,-66.5427,30.91,44,54,2.65,VE,1741629416
146,asia,9.5506,122.5164,25.53,79,32,3.73,PH,1741629417
147,port saint john's,-31.6229,29.5448,22.73,84,100,1.8,ZA,1741629418
148,constantia,44.1833,28.65,6.38,66,27,5.44,RO,1741629419
149,lorengau,-2.0226,147.2712,26.75,79,98,1.22,PG,1741629420
150,weiser,44.251,-116.9693,11.84,52,100,1.21,US,1741629421
151,rey bouba,8.6724,14.1786,34.38,12,100,1.04,CM,1741629423
152,lagos,6.5833,3.75,29.09,74,95,3.47,NG,1741629424
153,iskateley,67.6803,53.1512,-9.8,96,100,3.5,RU,1741629426
154,sidhi,24.4167,81.8833,23.32,13,31,1.15,IN,1741629427
155,ardestan,33.3761,52.3694,12.65,66,25,1.81,IR,1741629428
156,ebon,4.582,168.6964,27.22,79,46,8.2,MH,1741629429
157,juneau,58.3019,-134.4197,2.45,95,100,7.2,US,1741629431
158,poronaysk,49.2167,143.1167,-1.21,91,98,3.1,RU,1741629207
159,tianpeng,30.9866,103.9393,11.15,79,99,1.82,CN,1741629433
160,laguna,38.421,-121.4238,13.59,65,0,0.45,US,1741629434
161,aranda de duero,41.6704,-3.6892,7.61,70,100,3.7,ES,1741629435
162,rosa zarate,0.3333,-79.4667,32.21,57,78,1.0,EC,1741629436
163,wenchang,30.904,118.4887,13.06,81,70,1.64,CN,1741629437
164,berezovyy,51.6667,135.7,-8.41,97,100,1.01,RU,1741629438
165,tshabong,-26.05,22.45,29.51,35,58,1.89,BW,1741629440
166,mpika,-11.8343,31.4529,16.39,95,75,0.86,ZM,1741629441
167,yaren,-0.5472,166.916,26.67,82,93,6.03,NR,1741629442
168,hawaiian paradise park,19.5933,-154.9731,21.6,95,100,7.2,US,1741629443
169,cidreira,-30.1811,-50.2056,23.78,49,8,4.06,BR,1741629444
170,nicoya,10.1483,-85.452,36.37,28,96,5.33,CR,1741629445
171,yoichi,43.2039,140.7703,-0.21,81,11,4.66,JP,1741629446
172,mahina,-17.5065,-149.489,25.87,78,100,1.54,PF,1741629447
173,lake city,30.1897,-82.6393,19.27,82,100,7.2,US,1741629235
174,denizciler,36.6495,36.2296,14.01,90,7,1.51,TR,1741629450
175,saint-louis,16.3333,-15.0,35.49,10,9,4.15,SN,1741629451
176,skive,56.5667,9.0333,5.09,95,36,1.34,DK,1741629453
177,pisco,-13.7,-76.2167,23.34,73,0,4.12,PE,1741629455
178,shingu,33.7333,135.9833,8.54,88,100,1.32,JP,1741629456
179,olonkinbyen,70.9221,-8.7187,-3.66,85,100,5.48,SJ,1741629457
180,paulo afonso,-9.4061,-38.2147,34.16,43,40,5.66,BR,1741629458
181,raja,8.4596,25.678,28.29,16,4,2.07,SS,1741629459
182,vorgashor,67.5833,63.95,-27.0,100,82,1.86,RU,1741629460
183,labytnangi,66.6572,66.4183,-27.37,99,95,2.13,RU,1741629461
184,sur,22.5667,59.5289,25.44,49,0,1.39,OM,1741629462
185,afaahiti,-17.75,-149.2833,26.81,78,99,6.93,PF,1741629464
186,iqaluit,63.7506,-68.5145,-11.15,73,100,4.12,CA,1741629465
187,maxcanu,20.5833,-89.9833,27.89,51,98,3.62,MX,1741629466
188,mukalla,14.5425,49.1242,24.24,75,14,1.46,YE,1741629467
189,lospalos,-8.5186,127.0025,22.58,95,100,1.45,TL,1741629468
190,vilyuchinsk,52.9306,158.4028,-9.85,83,97,4.45,RU,1741629469
191,kirakira,-10.4544,161.9205,26.44,83,100,1.75,SB,1741629470
192,colonia,50.9333,6.95,15.14,40,0,1.54,DE,1741629472
193,pekanbaru,0.5333,101.45,26.18,94,40,0.0,ID,1741629473
194,solwezi,-12.1688,26.3894,18.16,95,96,1.12,ZM,1741629461
195,nemuro,43.3236,145.575,0.58,78,42,6.74,JP,1741629475
196,kronau,49.2225,8.6311,11.91,85,100,3.59,DE,1741629476
197,lihue,21.9789,-159.3672,21.77,94,100,8.75,US,1741629229
198,petropavlovsk-kamchatsky,53.0452,158.6483,-10.67,73,75,1.0,RU,1741629478
199,aripuana,-9.1667,-60.6333,28.18,67,99,0.9,BR,1741629479
200,khurba,50.4072,136.8819,-3.22,99,100,1.16,RU,1741629480
201,pithora,21.2667,82.5167,25.43,20,0,1.79,IN,1741629482
202,hadibu,12.65,54.0333,25.39,71,80,3.22,YE,1741629221
203,kavieng,-2.5744,150.7967,27.28,80,100,3.89,PG,1741629319
204,cestos city,5.46,-9.5828,28.06,79,76,5.29,LR,1741629485
205,dereli,40.7378,38.4493,9.5,70,10,2.44,TR,1741629486
206,qui nhon,13.7667,109.2333,23.09,91,95,2.84,VN,1741629373
207,uturoa,-16.7333,-151.4333,27.38,74,100,5.02,PF,1741629488
208,talnakh,69.4865,88.3972,-29.61,80,54,2.19,RU,1741629489
209,saint-joseph,-21.3667,55.6167,26.21,78,22,2.45,RE,1741629490
210,new norfolk,-42.7826,147.0587,13.84,81,83,0.78,AU,1741629492
211,saipan,15.1355,145.701,26.47,82,20,5.14,MP,1741629494
212,chabahar,25.2919,60.643,25.04,64,77,2.55,IR,1741629495
213,saudarkrokur,65.7461,-19.6394,2.52,90,79,4.49,IS,1741629497
214,sechelt,49.4664,-123.7694,4.69,80,100,1.78,CA,1741629498
215,paramonga,-10.6667,-77.8333,24.56,75,100,4.37,PE,1741629499
216,kalmunai,7.4167,81.8167,25.93,86,100,2.5,LK,1741629500
217,hamilton,39.1834,-84.5333,18.18,32,0,3.09,US,1741628960
218,inverloch,-38.6333,145.7167,18.77,89,3,8.71,AU,1741629503
219,mata-utu,-13.2816,-176.1745,27.78,75,100,3.15,WF,1741629504
220,enoch,37.7733,-113.0244,11.93,28,0,0.0,US,1741629506
221,hotan,37.0997,79.9269,10.57,26,100,0.78,CN,1741629507
222,pyhajarvi,67.0701,27.2176,-7.43,94,97,0.93,FI,1741629508
223,busselton,-33.65,115.3333,16.03,79,0,4.9,AU,1741629510
224,kangding,30.0513,101.9603,5.46,64,5,3.88,CN,1741629511
225,alofi,-19.0595,-169.9187,24.94,94,100,2.06,NU,1741629512
226,khandyga,62.6667,135.6,-32.6,95,26,1.14,RU,1741629513
227,keflavik,64.0049,-22.5624,6.24,75,75,6.17,IS,1741629514
228,tsiombe,-25.3,45.4833,25.89,82,2,7.88,MG,1741629515
229,margate,51.3813,1.3862,8.26,86,96,0.89,GB,1741629491
230,west mackay,-21.1481,149.1605,23.59,84,37,4.18,AU,1741629517
231,ust-nera,64.5667,143.2,-33.54,96,81,0.9,RU,1741629519
232,acapulco de juarez,16.8634,-99.8901,26.28,60,2,4.06,MX,1741629256
233,nelson bay,-32.7167,152.15,21.16,98,100,5.81,AU,1741629522
234,belomorsk,64.5232,34.7668,-6.96,97,100,1.94,RU,1741629523
235,lebu,-37.6167,-73.65,18.24,78,44,6.57,CL,1741629277
236,bontang,0.1333,117.5,25.89,86,69,2.8,ID,1741629525
237,huaiyuan chengguanzhen,32.9589,117.1657,10.14,87,0,2.22,CN,1741629526
238,tres barras,-26.1064,-50.3222,24.78,73,94,1.5,BR,1741629527
239,banos,-1.4,-78.4167,21.44,68,75,2.59,EC,1741629529
240,walvis bay,-22.9575,14.5053,20.88,68,35,7.27,NA,1741629530
241,skovorodino,53.9833,123.9167,-10.15,83,99,3.88,RU,1741629531
242,tinajo,29.0788,-13.7081,21.49,49,40,6.69,ES,1741629532
243,callao,-12.0667,-77.15,25.16,69,0,6.17,PE,1741629403
244,tobelo,1.7284,128.0095,26.22,86,98,4.96,ID,1741629534
245,newman,37.3138,-121.0208,13.92,71,96,0.45,US,1741629535
246,usinsk,65.9939,57.5281,-17.25,99,100,2.97,RU,1741629250
247,ta`u,-14.2336,-169.5144,27.79,75,69,3.91,AS,1741629538
248,telica,12.522,-86.8594,35.81,30,100,2.2,NI,1741629539
249,warmbad,-28.45,18.7333,29.29,9,0,2.71,NA,1741629540
250,bestensee,52.25,13.65,11.77,50,0,2.06,DE,1741629541
251,kalamata,37.0389,22.1142,16.73,78,40,0.45,GR,1741629542
252,spring creek,40.7266,-115.5859,6.6,56,14,1.34,US,1741629297
253,igrim,63.1906,64.4162,-24.92,100,35,1.01,RU,1741629544
254,vyskov,49.2775,16.999,13.69,87,100,0.89,CZ,1741629545
255,morrope,-6.5417,-80.0111,30.33,48,63,6.83,PE,1741629548
256,el quebrachal,-25.2833,-64.0667,24.3,49,93,3.31,AR,1741629549
257,tal'menka,53.8183,83.5677,-8.18,95,100,4.15,RU,1741629550
258,kapa'a,22.0752,-159.319,22.18,92,100,8.75,US,1741629551
259,el calafate,-50.3408,-72.2768,8.53,47,10,8.32,AR,1741629371
260,puerto escondido,15.85,-97.0667,28.64,69,3,4.01,MX,1741629344
261,sinfra,6.6167,-5.9167,31.23,57,29,2.45,CI,1741629554
262,bukoba,-1.3317,31.8122,21.13,73,97,1.28,TZ,1741629555
263,kone,-21.0595,164.8658,22.55,86,70,1.74,NC,1741629557
264,portland,45.5234,-122.6762,7.12,90,75,1.54,US,1741629378
265,mora,11.0461,14.1401,33.33,14,49,3.64,CM,1741629559
266,westport,41.1415,-73.3579,16.42,42,0,5.66,US,1741629367
267,zaterechnyy,44.7931,45.2097,4.71,80,89,4.83,RU,1741629561
268,hegang,47.4,130.3667,-3.63,74,7,3.89,CN,1741629562
269,ituango,7.1712,-75.764,27.06,57,66,2.06,CO,1741629563
270,kruisfontein,-34.0033,24.7314,16.99,73,59,2.21,ZA,1741629564
271,kenai,60.5544,-151.2583,1.75,63,100,7.72,US,1741629566
272,sinabang,2.4803,96.3801,26.54,83,96,0.85,ID,1741629567
273,ixtapa,20.7,-105.2,32.18,12,0,3.42,MX,1741629568
274,kaspiyskiy,45.3929,47.3707,1.03,78,53,4.33,RU,1741629569
275,russkaya polyana,49.417,31.9201,8.64,63,54,3.57,UA,1741629570
276,lianhe,47.1333,129.2667,-0.5,66,1,5.5,CN,1741629571
277,san patricio,28.017,-97.5169,18.97,30,0,1.58,US,1741629573
278,lubao,14.9167,120.55,24.84,80,3,2.92,PH,1741629574
279,holualoa,19.6228,-155.9522,19.91,79,20,4.12,US,1741629576
280,alghero,40.5589,8.3181,15.05,67,100,1.03,IT,1741629577
281,mokhsogollokh,61.4681,128.9203,-27.01,99,87,1.99,RU,1741629578
282,val-d'or,48.1002,-77.7828,-3.95,68,75,4.12,CA,1741629571
283,at-bashi,41.1702,75.8106,-8.63,65,24,2.05,KG,1741629580
284,tahara,34.6667,137.2667,10.53,50,100,1.68,JP,1741629581
285,tazovsky,67.4667,78.7,-32.66,100,69,1.45,RU,1741629584
286,pampierstad,-27.7832,24.6877,26.38,42,92,1.48,ZA,1741629585
287,magadan,59.5667,150.8,-26.31,81,16,2.59,RU,1741629586
288,gevas,38.2968,43.1083,1.28,91,82,1.26,TR,1741629587
289,mersa matruh,31.3525,27.2453,20.11,60,0,5.14,EG,1741629588
290,miajadas,39.1513,-5.9084,10.08,92,100,6.59,ES,1741629590
291,i-n-salah,27.1935,2.4607,26.55,18,4,5.87,DZ,1741629591
292,zuwarah,32.9312,12.082,24.61,38,24,4.97,LY,1741629593
293,chikwawa,-16.0335,34.8009,23.82,98,100,2.32,MW,1741629594
294,vallenar,-28.5708,-70.7581,30.54,24,0,5.05,CL,1741629595
295,thakurdwara,29.2,78.85,20.82,24,56,2.6,IN,1741629596
296,bikenibeu village,1.3673,173.1241,25.98,89,20,6.17,KI,1741629599
297,swift current,50.2834,-107.8014,-9.55,79,100,4.63,CA,1741629410
298,nema,57.5067,50.5011,-5.54,95,100,1.36,RU,1741629601
299,moapa valley,36.5805,-114.4703,18.71,19,0,0.26,US,1741629603
300,kalabo,-14.97,22.6814,23.66,69,99,2.0,ZM,1741629604
301,cacapava do sul,-30.5122,-53.4914,28.97,21,0,2.12,BR,1741629605
302,franklin,39.9667,-83.0166,17.91,35,0,4.63,US,1741629014
303,island harbour,50.724,-1.2758,13.88,68,99,1.34,GB,1741629608
304,masterton,-40.9597,175.6575,10.52,95,69,1.95,NZ,1741629609
305,luderitz,-26.6481,15.1594,22.36,53,0,11.38,NA,1741629610
306,nobres,-14.7203,-56.3275,29.83,69,34,1.36,BR,1741629611
307,cimislia,46.52,28.7842,11.13,48,72,4.12,MD,1741629612
308,djougou,9.7085,1.666,36.32,23,64,3.08,BJ,1741629614
309,yuzhno-kurilsk,44.0306,145.8556,-1.57,85,49,4.08,RU,1741629615
310,peterhead,57.5058,-1.7981,5.2,66,37,9.86,GB,1741629616
311,sao joao da barra,-21.6403,-41.0511,35.05,75,1,6.55,BR,1741629617
312,jaciara,-15.9653,-54.9683,27.74,74,47,1.53,BR,1741629618
313,lagoa,39.05,-27.9833,15.65,91,94,3.3,PT,1741629619
314,jiangmen,22.5833,113.0833,19.84,84,6,1.37,CN,1741629620
315,mejit,10.2753,170.8646,26.69,77,28,9.19,MH,1741629623
316,isabela,6.7085,121.9711,25.37,88,41,1.01,PH,1741629624
317,la foa,-21.7108,165.8276,22.21,81,24,1.45,NC,1741629625
318,choibalsan,48.0667,114.5,1.8,33,100,5.11,MN,1741629626
319,marang,5.2056,103.2059,27.95,91,97,1.77,MY,1741629628
320,tarumovka,44.0761,46.5361,4.45,89,31,3.65,RU,1741629629
321,kerikeri,-35.2268,173.9474,12.37,95,42,2.21,NZ,1741629630
322,portage,41.1667,-81.1998,16.36,41,0,4.02,US,1741629631
323,sarmiento,-45.5882,-69.07,15.63,21,28,11.68,AR,1741629632
324,petropavlovka,50.6114,105.3196,-2.52,57,100,4.52,RU,1741629633
325,famagusta,35.125,33.95,16.16,83,5,1.55,CY,1741629635
326,mount pleasant,32.7941,-79.8626,14.47,96,75,9.26,US,1741629628
327,manokwari,-0.8667,134.0833,24.89,84,100,1.42,ID,1741629356
328,kingston,17.997,-76.7936,31.76,66,20,4.63,JM,1741629397
329,aykhal,66.0,111.5,-30.91,100,75,2.57,RU,1741629641
330,jindabyne,-36.4167,148.6333,15.32,91,0,1.77,AU,1741629642
331,rehoboth,-23.3167,17.0833,26.71,42,71,1.63,NA,1741629622
332,turinsk,58.0458,63.696,-10.43,95,100,2.74,RU,1741629645
333,badiyah,22.45,58.8,25.03,29,3,2.58,OM,1741629646
334,jinchang,38.4953,102.1739,2.14,44,17,10.08,CN,1741629647
335,usogorsk,63.4106,48.6872,-7.4,97,99,2.0,RU,1741629649
336,wloclawek,52.6482,19.0678,11.4,64,98,2.66,PL,1741629650
337,arteche,12.2645,125.4048,24.83,91,32,3.79,PH,1741629651
338,sarina,-21.4333,149.2167,24.78,88,61,2.88,AU,1741629652
339,zeya,53.75,127.2667,-8.46,92,100,2.36,RU,1741629653
340,moab,38.5733,-109.5498,15.83,18,0,1.36,US,1741629654
341,villa gesell,-37.2639,-56.973,22.98,40,35,8.69,AR,1741629409
342,shakawe,-18.3667,21.85,24.64,50,68,1.38,BW,1741629658
343,nedumangad,8.6,77.0,29.6,66,20,1.03,IN,1741629659
344,puerto armuelles,8.2833,-82.8667,26.72,75,22,1.34,PA,1741629661
345,xinmin,41.9908,122.8253,5.62,71,81,6.52,CN,1741629662
346,sosnovo-ozerskoye,52.5249,111.5418,-13.04,94,100,2.27,RU,1741629663
347,ad dabbah,18.05,30.95,24.65,11,0,5.02,SD,1741629664
348,kerben,40.2951,72.1863,7.52,67,99,1.86,KG,1741629666
349,derzhavinsk,51.1,66.3167,-3.17,95,97,6.4,KZ,1741629667
350,codrington,-38.2667,141.9667,21.57,62,100,3.87,AU,1741629669
351,port augusta,-32.5,137.7667,25.71,55,56,2.74,AU,1741629518
352,gryazovets,58.88,40.2525,-1.63,83,100,3.4,RU,1741629671
353,berdigestyakh,62.0989,126.6992,-28.76,100,98,1.56,RU,1741629672
354,nova sintra,14.8667,-24.7167,21.43,76,2,9.43,CV,1741629673
355,selfoss,63.9331,-20.9971,3.91,89,61,3.05,IS,1741629674
356,dalandzadgad,43.5708,104.425,-0.23,28,86,11.0,MN,1741629676
357,dwarka,22.2394,68.9678,26.73,63,4,4.74,IN,1741629677
358,yeniseysk,58.4497,92.1703,-8.34,94,100,2.91,RU,1741629678
359,toyooka,35.5333,134.8333,6.94,90,100,2.06,JP,1741629679
360,nabire,-3.3667,135.4833,23.14,96,100,0.87,ID,1741629680
361,porto uniao,-26.2381,-51.0783,26.88,53,82,1.93,BR,1741629666
362,baymak,52.5933,58.3225,-3.58,87,83,4.94,RU,1741629682
363,katsuren-haebaru,26.3369,127.8719,21.01,85,0,3.09,JP,1741629684
364,turabah,21.2141,41.6331,22.67,47,0,4.47,SA,1741629685
365,jieshi,22.8134,115.8257,18.43,86,55,2.31,CN,1741629687
366,douentza,14.9951,-2.9517,38.87,14,9,2.92,ML,1741629688
367,veracruz,19.3333,-96.6667,25.51,32,23,3.74,MX,1741629274
368,rongelap,11.1635,166.8941,27.02,71,96,9.19,MH,1741629690
369,antsiranana,-12.2787,49.2917,25.97,86,100,4.79,MG,1741629692
370,dashiqiao,40.6373,122.5025,5.24,80,46,3.63,CN,1741629694
371,brisas de zicatela,15.8369,-97.0419,28.72,69,5,4.13,MX,1741629695
372,miracema do tocantins,-9.5618,-48.3967,29.57,67,96,1.34,BR,1741629697
373,thunder bay,48.4001,-89.3168,1.99,87,75,6.17,CA,1741629699
374,saint-pierre,-21.3393,55.4781,26.82,74,0,2.06,RE,1741629701
375,belozersk,60.0326,37.7957,-2.32,87,100,3.87,RU,1741629703
376,healdsburg,38.6105,-122.8692,15.14,62,40,2.06,US,1741629706
377,hudiksvall,61.729,17.1036,-2.11,93,100,2.11,SE,1741629708
378,cruzeiro do sul,-29.5128,-51.9853,27.51,64,0,2.67,BR,1741629710
379,dunedin,-45.8742,170.5036,11.56,98,100,1.71,NZ,1741629711
380,pangody,65.85,74.4859,-31.27,91,26,1.78,RU,1741629712
381,urengoy,65.9667,78.3667,-33.51,100,24,1.69,RU,1741629714
382,novodvinsk,64.4165,40.8122,-4.14,100,72,1.51,RU,1741629716
383,esmeralda,21.8525,-78.1169,34.08,32,0,4.07,CU,1741629693
384,noshiro,40.2039,140.0242,0.52,78,2,2.19,JP,1741629718
385,al qubbah,32.7616,22.2424,15.28,56,0,3.69,LY,1741629719
386,colares,38.7992,-9.4469,15.44,83,40,7.2,PT,1741629721
387,finike,36.295,30.1406,13.38,79,6,0.21,TR,1741629722
388,phan rang-thap cham,11.5667,108.9833,24.21,85,71,2.53,VN,1741629723
389,myitkyina,25.3833,97.4,17.14,43,0,1.05,MM,1741629724
390,enewetak,11.3474,162.3373,26.84,75,94,9.26,MH,1741629725
391,mugia,43.1041,-9.2179,12.17,82,100,7.94,ES,1741629726
392,weno,7.4515,151.8468,27.49,76,100,5.48,FM,1741629727
393,kantemirovka,49.7089,39.8592,7.35,69,100,4.25,RU,1741629729
394,rabo de peixe,37.8,-25.5833,17.77,99,75,4.63,PT,1741629730
395,howrah,22.5892,88.3103,28.0,36,0,2.57,IN,1741629731
396,nur-sultan,51.1801,71.446,-4.03,93,100,9.0,KZ,1741629732
397,kununurra,-15.7667,128.7333,26.99,69,88,1.54,AU,1741629733
398,floro,61.5996,5.0328,3.98,52,20,5.14,NO,1741629734
399,san antonio oeste,-40.7319,-64.9477,19.42,22,100,12.87,AR,1741629735
400,mogocha,53.7333,119.7667,-16.46,98,95,1.77,RU,1741629736
401,sabang,5.8933,95.3214,28.71,78,100,5.5,ID,1741629737
402,big bend,-26.8167,31.9333,24.77,76,36,4.97,SZ,1741629739
403,ha tinh,18.3333,105.9,19.7,94,78,0.21,VN,1741629740
404,mahibadhoo,3.7833,72.9667,28.15,74,79,7.02,MV,1741629741
405,crane,31.3974,-102.3501,19.22,12,0,3.59,US,1741629743
406,terrace,54.5163,-128.6035,2.95,100,100,3.6,CA,1741629468
407,ola,59.5833,151.2833,-26.34,86,24,3.21,RU,1741629746
408,campos altos,-19.6961,-46.1714,28.07,37,24,1.41,BR,1741629748
409,prince george,53.9166,-122.753,0.9,72,0,5.14,CA,1741629749
410,saint-georges,12.0564,-61.7485,28.82,70,20,6.69,GD,1741629750
411,shorapur,16.5167,76.75,27.39,34,0,5.32,IN,1741629751
412,xiulin,29.7167,112.4,11.4,93,8,2.96,CN,1741629753
413,rondonopolis,-16.4708,-54.6356,32.07,48,34,2.19,BR,1741629513
414,hithadhoo,-0.6,73.0833,28.55,68,22,4.47,MV,1741629755
415,touros,-5.1989,-35.4608,28.96,69,99,6.81,BR,1741629757
416,palmas de monte alto,-14.2672,-43.1619,37.81,19,74,0.43,BR,1741629758
417,floresti,47.8933,28.3014,12.23,42,76,3.85,MD,1741629759
418,carutapera,-1.195,-46.02,24.61,84,100,1.38,BR,1741629760
419,at taj,24.2049,23.2857,21.72,15,35,3.76,LY,1741629761
420,alexandria,31.2156,29.9553,17.1,75,0,5.13,EG,1741629294
421,sisimiut,66.9395,-53.6735,2.96,87,100,10.74,GL,1741629763
422,naberera,-4.2,36.9333,18.97,86,100,2.84,TZ,1741629764
423,tengrela,10.4869,-6.4097,35.78,31,85,1.26,CI,1741629765
424,pokrovsk,48.282,37.1758,7.41,74,99,3.93,UA,1741629767
425,luanda,-8.8368,13.2343,26.96,82,58,5.4,AO,1741629769
426,laojunmiao,39.8333,97.7333,0.88,59,99,5.73,CN,1741629770
427,tari,-11.1105,14.3559,21.09,93,98,0.98,AO,1741629772
428,baotou,40.6522,109.8222,4.31,75,27,1.46,CN,1741629773
429,hastings,50.8552,0.5729,12.88,81,99,4.4,GB,1741629217
430,remire-montjoly,4.9167,-52.2667,29.02,79,75,3.6,GF,1741629775
431,tralee,52.2704,-9.7026,14.14,72,20,3.6,IE,1741629485
432,papao,-17.75,-149.55,25.82,76,99,7.47,PF,1741629778
433,ewo,-0.8725,14.8206,29.31,53,94,1.46,CG,1741629779
434,port macquarie,-31.4333,152.9167,20.6,99,100,1.34,AU,1741629781
435,saint-leu,-21.15,55.2833,26.48,77,15,2.3,RE,1741629782
436,st. john's,47.5649,-52.7093,0.71,59,75,10.29,CA,1741629772
437,amboasary,-25.0333,46.3833,25.25,85,1,5.08,MG,1741629784
438,klebang besar,2.2186,102.1995,27.25,90,40,3.6,MY,1741629785
439,ovalle,-30.5983,-71.2003,27.94,37,0,3.33,CL,1741629604
440,nyurba,63.2842,118.3319,-36.01,100,97,1.0,RU,1741629788
441,hammerfest,70.6634,23.6821,-1.75,74,75,4.63,NO,1741629789
442,al kharijah,25.4514,30.5464,21.46,21,0,4.46,EG,1741629790
443,jelgava,56.65,23.7128,7.74,77,87,2.2,LV,1741629791
444,tafi viejo,-26.732,-65.2592,20.91,64,100,2.57,AR,1741629792
445,rio grande,-32.035,-52.0986,23.76,50,9,4.39,BR,1741629793
446,chamical,-30.36,-66.314,26.26,40,2,5.1,AR,1741629794
447,utena,55.5,25.6,7.97,71,94,3.45,LT,1741629795
448,ambodifotatra,-16.9833,49.85,26.82,80,34,3.81,MG,1741629796
449,piranhas,-16.4269,-51.8222,32.32,43,38,2.24,BR,1741629798
450,vrangel',42.7297,133.0839,2.31,97,54,1.06,RU,1741629799
451,kapoeta,4.7717,33.5903,31.49,27,89,3.23,SS,1741629800
452,canton,23.1167,113.25,22.6,66,65,2.24,CN,1741629652
453,neryungri,56.6709,124.6491,-29.35,100,94,2.22,RU,1741629802
454,mbaiki,3.8678,17.9892,29.22,36,90,0.83,CF,1741629803
455,aasiaat,68.7098,-52.8699,1.17,92,100,1.99,GL,1741629804
456,gwadar,25.1216,62.3254,25.17,62,93,4.07,PK,1741629805
457,chichen-itza,20.6667,-88.5667,24.03,88,100,4.12,MX,1741629807
458,n'zeto,-7.2312,12.8666,26.59,86,58,3.61,AO,1741629809
459,mount gambier,-37.8333,140.7667,21.58,60,94,1.78,AU,1741629810
460,obigarm,38.7173,69.7088,1.77,100,100,1.54,TJ,1741629811
461,madimba,-10.4,40.3333,28.1,82,100,6.22,TZ,1741629814
462,parry sound,45.3501,-80.033,5.03,52,100,2.32,CA,1741629815
463,chinde,26.8212,87.7095,19.8,32,13,3.94,NP,1741629816
464,mineiros,-17.5694,-52.5511,29.37,47,55,2.39,BR,1741629817
465,ouro sogui,15.6,-13.3167,39.01,17,0,1.03,SN,1741629819
466,pariaman,-0.619,100.12,26.03,85,100,1.63,ID,1741629820
467,taishan,22.2514,112.7799,19.67,86,5,0.38,CN,1741629822
468,petukhovo,55.0692,67.9019,-8.21,96,100,3.09,RU,1741629823
469,le marin,14.4721,-60.8697,29.95,58,75,7.2,MQ,1741629824
470,humberto de campos,-2.5983,-43.4611,27.35,81,97,1.7,BR,1741629826
471,itoman,26.1247,127.6694,21.01,88,75,5.66,JP,1741629827
472,koprivnica,46.1628,16.8275,12.66,70,92,5.99,HR,1741629828
473,madagali,10.8902,13.6312,33.1,14,42,2.93,NG,1741629829
474,mar'yinka,47.9453,37.5054,8.02,72,84,3.71,UA,1741629830
475,lazaro cardenas,17.9583,-102.2,28.94,55,57,4.43,MX,1741629831
476,vadso,70.0744,29.7487,-7.91,86,0,3.6,NO,1741629833
477,ad dilam,23.9915,47.1627,21.94,40,32,5.78,SA,1741629834
478,richards bay,-28.783,32.0377,24.1,82,100,7.28,ZA,1741629835
479,impfondo,1.6381,18.0667,29.58,46,100,1.46,CG,1741629819
480,khash,28.2211,61.2158,17.7,44,100,5.05,IR,1741629837
481,ratnagiri,16.9833,73.3,26.17,73,0,0.6,IN,1741629838
482,prudentopolis,-25.2131,-50.9778,25.56,59,85,0.93,BR,1741629731
483,along,28.1667,94.7667,12.42,65,19,0.51,IN,1741629840
484,aswan,24.0934,32.907,24.61,19,0,4.63,EG,1741629841
485,narman,40.3465,41.8703,-2.02,87,51,2.52,TR,1741629843
486,arno,60.1167,18.6333,0.3,97,100,6.02,SE,1741629844
487,china,25.7,-99.2333,22.26,23,0,0.42,MX,1741629846
488,treasure island,27.7692,-82.769,21.01,75,100,11.32,US,1741629848
489,arraial do cabo,-22.9661,-42.0278,28.98,78,20,8.23,BR,1741629849
490,sabha,27.0377,14.4283,25.35,19,70,0.62,LY,1741629850
491,mitu,1.1983,-70.1733,25.91,74,100,1.29,CO,1741629851
492,forster,-32.1667,152.5167,21.92,89,100,4.37,AU,1741629852
493,ridgecrest,35.6225,-117.6709,18.14,18,60,1.34,US,1741629854
494,xiuyan,40.2928,123.2744,1.8,98,55,1.72,CN,1741629855
495,alesund,62.4723,6.1549,4.07,70,20,6.17,NO,1741629606
496,chengde,40.9725,117.9361,6.11,70,79,0.88,CN,1741629857
497,abqaiq,25.9371,49.6776,20.93,49,36,3.88,SA,1741629858
498,kampung sungai ara,5.327,100.2735,27.95,83,20,0.0,MY,1741629860
499,severobaykal'sk,55.65,109.3167,-11.26,85,93,2.57,RU,1741629862
500,kamiiso,41.8167,140.65,-0.79,86,20,3.09,JP,1741629863
501,sedalia,38.7045,-93.2283,18.51,38,0,7.13,US,1741629653
502,gurjaani,41.7429,45.8011,10.17,67,19,1.07,GE,1741629865
503,ferkessedougou,9.6,-5.2,34.74,33,48,5.01,CI,1741629867
504,noumea,-22.2763,166.4572,22.96,79,92,5.04,NC,1741629868
505,viedma,-40.8135,-62.9967,17.63,21,67,11.41,AR,1741629823
506,mozarlandia,-14.7447,-50.5706,32.4,51,85,1.09,BR,1741629870
507,talcahuano,-36.7167,-73.1167,23.82,46,0,6.17,CL,1741629782
508,kokopo,-4.352,152.2633,25.24,84,96,1.67,PG,1741629872
509,coquimbo,-29.9533,-71.3436,18.85,72,40,4.63,CL,1741629719
510,odienne,9.51,-7.5692,25.01,74,58,5.33,CI,1741629874
511,turochak,52.2576,87.1224,-10.33,95,100,1.25,RU,1741629876
512,yuanping,38.7153,112.7575,6.91,65,1,0.69,CN,1741629877
513,monteiro,-7.8894,-37.12,32.71,32,100,0.55,BR,1741629878
514,trinidad,-14.8333,-64.9,26.99,74,75,4.63,BO,1741629879
515,registro,-24.4875,-47.8436,25.62,86,86,2.35,BR,1741629620
516,plouzane,48.3833,-4.6167,12.16,86,75,1.03,FR,1741629881
517,egilsstadir,65.2653,-14.3948,6.95,49,20,6.17,IS,1741629883
518,xining,36.6167,101.7667,4.25,39,100,1.06,CN,1741629884
519,uliastay,47.7417,96.8444,-16.94,97,90,1.84,MN,1741629885
520,labasa,-16.4167,179.3833,24.0,91,99,1.95,FJ,1741629886
521,arkhangel'sk,64.5401,40.5433,-4.94,93,75,2.0,RU,1741629887
522,cockburn town,21.4612,-71.1419,24.53,69,0,3.77,TC,1741629889
523,dabeiba,7.0017,-76.2672,27.69,74,78,2.38,CO,1741629890
524,huron,41.1501,-82.5499,15.44,47,0,6.39,US,1741629891
525,garissa,-0.4536,39.6401,33.35,43,99,3.57,KE,1741629893
526,abrego,8.0807,-73.2205,25.75,52,71,3.38,CO,1741629894
527,demyansk,57.643,32.466,4.59,85,100,4.24,RU,1741629895
528,vorkuta,67.5,64.0,-26.97,100,83,1.51,RU,1741629896
529,pacific grove,36.6177,-121.9166,13.14,79,0,2.06,US,1741629898
530,san ignacio de velasco,-16.3667,-60.95,25.22,74,99,2.41,BO,1741629899
531,angaur state,6.906,134.13,27.49,79,63,7.24,PW,1741629900
532,penzance,50.1186,-5.5371,11.53,91,98,5.52,GB,1741629750
533,saquarema,-22.92,-42.5103,27.06,77,25,6.81,BR,1741629902
534,ouadda,8.0777,22.4007,29.15,15,29,3.36,CF,1741629903
535,rikaze,29.25,88.8833,4.34,39,89,1.97,CN,1741629904
536,tvoroyri,61.5556,-6.8111,4.54,66,65,7.52,FO,1741629905
537,cabo san lucas,22.8909,-109.9124,23.75,48,0,1.79,MX,1741629781
538,jiayuguan,39.8167,98.3,2.93,44,87,4.74,CN,1741629908
539,bunia,1.5667,30.25,22.55,57,100,1.14,CD,1741629909
540,sao vicente,-23.9631,-46.3919,27.16,39,75,2.68,BR,1741629726
541,flin flon,54.7682,-101.865,-20.09,50,20,5.14,CA,1741629911
542,heishan,41.6892,122.1128,4.72,77,83,6.69,CN,1741629912
543,kidal,18.4411,1.4078,35.8,10,62,3.17,ML,1741629913
544,nueva helvecia,-34.3,-57.2333,24.86,29,0,4.14,UY,1741629914
545,hami,42.8,93.45,2.4,34,6,5.79,CN,1741629915
546,north battleford,52.7834,-108.2847,-14.95,72,100,3.09,CA,1741629723
547,tchibanga,-2.85,11.0333,25.04,91,68,1.65,GA,1741629918
548,bathurst,-33.4166,149.5806,17.18,82,53,1.78,AU,1741629919
549,bamboo flat,11.7,92.7167,29.05,79,40,2.06,IN,1741629843
550,port blair,11.6667,92.75,29.02,79,40,2.06,IN,1741629922
551,san pedro,14.35,121.0167,26.77,84,40,3.13,PH,1741629923
552,san rafael,-34.6177,-68.3301,30.07,21,1,3.81,AR,1741629847
553,tidjikja,18.5564,-11.4271,33.4,8,4,3.88,MR,1741629925
554,pontianak,-0.0333,109.3333,24.99,100,100,0.51,ID,1741629926
555,maintirano,-18.0667,44.0167,25.73,87,100,5.8,MG,1741629929
556,draguseni,45.9667,27.75,12.87,41,66,6.05,RO,1741629930
557,brigantine,39.4101,-74.3646,13.9,63,0,4.02,US,1741629932
558,rexburg,43.826,-111.7897,3.99,65,20,0.0,US,1741629933
559,bereznik,62.8551,42.7072,-9.73,98,100,1.23,RU,1741629935
560,ataq,14.5377,46.8319,20.41,74,53,5.13,YE,1741629936
561,altoona,40.5187,-78.3947,16.79,38,0,0.45,US,1741629829
562,dushanbe,38.5577,68.7797,10.9,76,100,3.0,TJ,1741629838
563,bonthe,7.5264,-12.505,26.93,70,35,5.95,SL,1741629939
564,tavricheskoye,54.5851,73.6395,-17.48,100,96,1.81,RU,1741629941
565,harar,9.3094,42.1258,20.02,63,69,2.37,ET,1741629943
566,iaciara,-14.0958,-46.6317,36.14,23,27,1.27,BR,1741629944
567,vilyuysk,63.7553,121.6247,-35.58,100,77,1.45,RU,1741629945
568,maragogi,-9.0122,-35.2225,28.57,70,22,5.0,BR,1741629946
569,misliyah,17.4599,42.5572,26.86,63,15,3.76,SA,1741629947
570,lib,8.3122,167.3766,27.26,76,49,9.49,MH,1741629948
571,shengli,37.4564,118.4856,10.36,68,100,3.1,CN,1741629949
572,carora,10.1755,-70.0827,32.85,35,100,1.89,VE,1741629950
573,igarka,67.4667,86.5833,-33.21,97,24,2.26,RU,1741629951
574,guiratinga,-16.3494,-53.7583,31.06,47,42,1.23,BR,1741629953
575,thenzawl,23.3167,92.75,15.59,39,0,1.34,IN,1741629954
576,christchurch,-43.5333,172.6333,12.11,93,100,1.03,NZ,1741629465
577,motomachi,43.8228,144.1044,-4.21,89,62,2.63,JP,1741629797
578,murghob,38.1702,73.9667,-7.86,95,100,1.83,TJ,1741629957
579,lerwick,60.1545,-1.1494,4.08,60,99,10.6,GB,1741629818
